{
  "Profiles": [
    {
      "Name": "ruic",
      "Guid": "04902148-e89d-4ca2-818d-dae26d7aa557",
      "Custom Command": "Yes",
      "Command": "bash",
      "Normal Font": "Hack-Bold 12",
      "Vertical Spacing": 1,
      "Visual Bell": true,
      "Silence Bell": true,
      "Mouse Reporting": 1,
      "Ansi 0 Color": {
        "Red Component": 0.17621420323848724,
        "Color Space": "Calibrated",
        "Blue Component": 0.25300124287605286,
        "Alpha Component": 1,
        "Green Component": 0.19692185521125793
      },
      "Ansi 1 Color": {
        "Red Component": 0.68855589628219604,
        "Color Space": "Calibrated",
        "Blue Component": 0.34168937802314758,
        "Alpha Component": 1,
        "Green Component": 0.29435792565345764
      },
      "Ansi 2 Color": {
        "Red Component": 0.57605421543121338,
        "Color Space": "Calibrated",
        "Blue Component": 0.47597441077232361,
        "Alpha Component": 1,
        "Green Component": 0.7002110481262207
      },
      "Ansi 3 Color": {
        "Red Component": 0.89902019500732422,
        "Color Space": "Calibrated",
        "Blue Component": 0.47280269861221313,
        "Alpha Component": 1,
        "Green Component": 0.75577855110168457
      },
      "Ansi 4 Color": {
        "Red Component": 0.43401443958282471,
        "Color Space": "Calibrated",
        "Blue Component": 0.70459425449371338,
        "Alpha Component": 1,
        "Green Component": 0.56080448627471924
      },
      "Ansi 5 Color": {
        "Red Component": 0.64283657073974609,
        "Color Space": "Calibrated",
        "Blue Component": 0.61571133136749268,
        "Alpha Component": 1,
        "Green Component": 0.47487166523933411
      },
      "Ansi 6 Color": {
        "Red Component": 0.4660642147064209,
        "Color Space": "Calibrated",
        "Blue Component": 0.77356863021850586,
        "Alpha Component": 1,
        "Green Component": 0.70216643810272217
      },
      "Ansi 7 Color": {
        "Red Component": 0.87367779016494751,
        "Color Space": "Calibrated",
        "Blue Component": 0.92620980739593506,
        "Alpha Component": 1,
        "Green Component": 0.8916594386100769
      },
      "Ansi 8 Color": {
        "Red Component": 0.23306176066398621,
        "Color Space": "Calibrated",
        "Blue Component": 0.34064260125160217,
        "Alpha Component": 1,
        "Green Component": 0.2652154266834259
      },
      "Ansi 9 Color": {
        "Red Component": 0.68855589628219604,
        "Color Space": "Calibrated",
        "Blue Component": 0.34168937802314758,
        "Alpha Component": 1,
        "Green Component": 0.29435792565345764
      },
      "Ansi 10 Color": {
        "Red Component": 0.57605421543121338,
        "Color Space": "Calibrated",
        "Blue Component": 0.47597441077232361,
        "Alpha Component": 1,
        "Green Component": 0.7002110481262207
      },
      "Ansi 11 Color": {
        "Red Component": 0.89902019500732422,
        "Color Space": "Calibrated",
        "Blue Component": 0.47280269861221313,
        "Alpha Component": 1,
        "Green Component": 0.75577855110168457
      },
      "Ansi 12 Color": {
        "Red Component": 0.43401443958282471,
        "Color Space": "Calibrated",
        "Blue Component": 0.70459425449371338,
        "Alpha Component": 1,
        "Green Component": 0.56080448627471924
      },
      "Ansi 13 Color": {
        "Red Component": 0.64283657073974609,
        "Color Space": "Calibrated",
        "Blue Component": 0.61571133136749268,
        "Alpha Component": 1,
        "Green Component": 0.47487166523933411
      },
      "Ansi 14 Color": {
        "Red Component": 0.49344515800476074,
        "Color Space": "Calibrated",
        "Blue Component": 0.67779052257537842,
        "Alpha Component": 1,
        "Green Component": 0.68614721298217773
      },
      "Ansi 15 Color": {
        "Red Component": 0.90727746486663818,
        "Color Space": "Calibrated",
        "Blue Component": 0.94574689865112305,
        "Alpha Component": 1,
        "Green Component": 0.92092084884643555
      },
      "Bold Color": {
        "Red Component": 0.90727746486663818,
        "Color Space": "Calibrated",
        "Blue Component": 0.94574689865112305,
        "Alpha Component": 1,
        "Green Component": 0.92092084884643555
      },
      "Foreground Color": {
        "Red Component": 0.81214725971221924,
        "Color Space": "Calibrated",
        "Blue Component": 0.89225912094116211,
        "Alpha Component": 1,
        "Green Component": 0.83857882022857666
      },
      "Background Color": {
        "Red Component": 0.1357133686542511,
        "Color Space": "Calibrated",
        "Blue Component": 0.19183900952339172,
        "Alpha Component": 1,
        "Green Component": 0.15255947411060333
      },
      "Selection Color": {
        "Red Component": 0.23306176066398621,
        "Color Space": "Calibrated",
        "Blue Component": 0.34064260125160217,
        "Alpha Component": 1,
        "Green Component": 0.2652154266834259
      },
      "Selected Text Color": {
        "Red Component": 0.81214714050292969,
        "Color Space": "Calibrated",
        "Blue Component": 0.89225924015045166,
        "Alpha Component": 1,
        "Green Component": 0.83857882022857666
      },
      "Cursor Guide Color": {
        "Red Component": 0.17621420323848724,
        "Color Space": "Calibrated",
        "Blue Component": 0.25300124287605286,
        "Alpha Component": 1,
        "Green Component": 0.19692185521125793
      },
      "Badge Color": {
        "Red Component": 0.20252507925033569,
        "Color Space": "Calibrated",
        "Blue Component": 0.29600727558135986,
        "Alpha Component": 0.7057952880859375,
        "Green Component": 0.23046499490737915
      },
      "Cursor Text Color": {
        "Red Component": 0.17621420323848724,
        "Color Space": "Calibrated",
        "Blue Component": 0.25300124287605286,
        "Alpha Component": 1,
        "Green Component": 0.19692185521125793
      },
      "Tab Color": {
        "Red Component": 0.17621420323848724,
        "Color Space": "Calibrated",
        "Blue Component": 0.25300124287605286,
        "Alpha Component": 1,
        "Green Component": 0.19692185521125793
      },
      "Cursor Color": {
        "Red Component": 0.81214714050292969,
        "Color Space": "Calibrated",
        "Blue Component": 0.89225924015045166,
        "Alpha Component": 1,
        "Green Component": 0.83857882022857666
      },
      "Link Color": {
        "Red Component": 0.87367779016494751,
        "Color Space": "Calibrated",
        "Blue Component": 0.92620980739593506,
        "Alpha Component": 1,
        "Green Component": 0.8916594386100769
      }
    }
  ]
}
